CODPROD;CODSUPROD;DESCCOD;CODEMP;INB2_OUT3;DESCPROD
990;;990_COD;SAC;2;
CDA;;CDA_CUE;SAC;2;
AAV;;AAV_ASE;SAC;2;
ALN;;ALN_ALE;SAC;2;
CTE;;CTE_CUE;SAC;2;
TJD;;TJD_TAR;SAC;2;
FDI;;FDI_FON;SAC;2;
CDH;;CDH_CRE;SAC;2;
CDP;;CDP_CRE;SAC;2;
BYA;;BYA_BON;SAC;2;
SYP;;SYP_SEG;SAC;2;
GRS;;GRS_GIR;SAC;2;
TYC;;TYC_TRA;SAC;2;
RYQ;;RYQ_REC;SAC;2;
LSD;;LSD_LLA;SAC;2;
AEC;;AEC_ASE;SAC;2;
PAT;;PAT_PER;SAC;2;
IDP;;IDP_IDE;SAC;2;
PDM;;PDM_PRO;SAC;2;
ING;;ING_INF;SAC;2;
REM;;REM_REM;SAC;2;
CNE;;CNE_CAN;SAC;2;
CTR;;CTR_CLI;SAC;2;
CNR;;CNR_CLI;SAC;2;
LYP;;LYP_LLA;SAC;2;
CMD;;CMD_COM;SAC;2;
TDC;;TDC_TDC;SAC;2;
GMF;;GMF_GRA;SAC;2;
ASN;;ASN_ASE;SAC;2;
PCO;;PCO_PUN;SAC;2;
CTV;;CTV_CON;SAC;2;
CTN;;CTN_CON;SAC;2;
